{
  "meta": {
    "fps": 10,
    "resolution": [
      1280,
      800
    ],
    "start_time": 1745764435.9011998
  },
  "events": [
    {
      "t": 0,
      "kind": "mouse_down",
      "button": "left",
      "x": 1680,
      "y": 1235
    },
    {
      "t": 103,
      "kind": "mouse_up",
      "button": "left",
      "x": 1680,
      "y": 1235
    },
    {
      "t": 1903,
      "kind": "mouse_down",
      "button": "left",
      "x": 81,
      "y": 19
    },
    {
      "t": 1991,
      "kind": "mouse_up",
      "button": "left",
      "x": 81,
      "y": 19
    },
    {
      "t": 2655,
      "kind": "mouse_down",
      "button": "left",
      "x": 1451,
      "y": 513
    },
    {
      "t": 2759,
      "kind": "mouse_up",
      "button": "left",
      "x": 1451,
      "y": 513
    },
    {
      "t": 3983,
      "kind": "mouse_down",
      "button": "left",
      "x": 2289,
      "y": 1420
    },
    {
      "t": 4063,
      "kind": "mouse_up",
      "button": "left",
      "x": 2289,
      "y": 1420
    },
    {
      "t": 4679,
      "kind": "mouse_down",
      "button": "right",
      "x": 2369,
      "y": 1368
    },
    {
      "t": 4767,
      "kind": "mouse_up",
      "button": "right",
      "x": 2369,
      "y": 1368
    },
    {
      "t": 5602,
      "kind": "mouse_down",
      "button": "left",
      "x": 2273,
      "y": 1334
    },
    {
      "t": 5679,
      "kind": "mouse_up",
      "button": "left",
      "x": 2273,
      "y": 1334
    }
  ]
}