{
  "meta": {
    "fps": 10,
    "resolution": [
      1280,
      800
    ],
    "start_time": 1745772119.4916916
  },
  "events": [
    {
      "t": 0,
      "kind": "mouse_down",
      "button": "left",
      "x": 0,
      "y": 1419
    },
    {
      "t": 71,
      "kind": "mouse_drag",
      "x": 1,
      "y": 1419
    },
    {
      "t": 87,
      "kind": "mouse_up",
      "button": "left",
      "x": 1,
      "y": 1419
    },
    {
      "t": 1255,
      "kind": "mouse_down",
      "button": "left",
      "x": 1487,
      "y": 1167
    },
    {
      "t": 1336,
      "kind": "mouse_up",
      "button": "left",
      "x": 1487,
      "y": 1167
    },
    {
      "t": 2519,
      "kind": "mouse_down",
      "button": "left",
      "x": 2281,
      "y": 1401
    },
    {
      "t": 2608,
      "kind": "mouse_up",
      "button": "left",
      "x": 2281,
      "y": 1401
    },
    {
      "t": 3295,
      "kind": "mouse_down",
      "button": "right",
      "x": 2361,
      "y": 1358
    },
    {
      "t": 3303,
      "kind": "mouse_drag",
      "x": 2361,
      "y": 1359
    },
    {
      "t": 3391,
      "kind": "mouse_up",
      "button": "right",
      "x": 2361,
      "y": 1359
    },
    {
      "t": 4503,
      "kind": "mouse_down",
      "button": "left",
      "x": 2301,
      "y": 1325
    },
    {
      "t": 4591,
      "kind": "mouse_up",
      "button": "left",
      "x": 2301,
      "y": 1325
    }
  ]
}