{
  "meta": {
    "fps": 10,
    "resolution": [
      1280,
      800
    ],
    "start_time": 1745760419.1822126
  },
  "events": [
    {
      "t": 0,
      "kind": "mouse_down",
      "button": "left",
      "x": 1335,
      "y": 534
    },
    {
      "t": 103,
      "kind": "mouse_up",
      "button": "left",
      "x": 1335,
      "y": 534
    },
    {
      "t": 503,
      "kind": "scroll",
      "x": 1326,
      "y": 564,
      "dx": 0,
      "dy": 1
    },
    {
      "t": 553,
      "kind": "scroll",
      "x": 1326,
      "y": 564,
      "dx": 0,
      "dy": 1
    },
    {
      "t": 575,
      "kind": "scroll",
      "x": 1326,
      "y": 564,
      "dx": 0,
      "dy": 1
    },
    {
      "t": 599,
      "kind": "scroll",
      "x": 1326,
      "y": 564,
      "dx": 0,
      "dy": 1
    },
    {
      "t": 655,
      "kind": "scroll",
      "x": 1326,
      "y": 570,
      "dx": 0,
      "dy": 1
    },
    {
      "t": 935,
      "kind": "scroll",
      "x": 1325,
      "y": 578,
      "dx": 0,
      "dy": -1
    },
    {
      "t": 959,
      "kind": "scroll",
      "x": 1325,
      "y": 578,
      "dx": 0,
      "dy": -1
    },
    {
      "t": 975,
      "kind": "scroll",
      "x": 1325,
      "y": 578,
      "dx": 0,
      "dy": -1
    },
    {
      "t": 991,
      "kind": "scroll",
      "x": 1325,
      "y": 578,
      "dx": 0,
      "dy": -1
    },
    {
      "t": 1015,
      "kind": "scroll",
      "x": 1325,
      "y": 578,
      "dx": 0,
      "dy": -1
    },
    {
      "t": 1031,
      "kind": "scroll",
      "x": 1325,
      "y": 578,
      "dx": 0,
      "dy": -1
    },
    {
      "t": 1367,
      "kind": "scroll",
      "x": 1320,
      "y": 560,
      "dx": 0,
      "dy": -1
    },
    {
      "t": 1391,
      "kind": "scroll",
      "x": 1320,
      "y": 560,
      "dx": 0,
      "dy": -1
    },
    {
      "t": 1415,
      "kind": "scroll",
      "x": 1320,
      "y": 560,
      "dx": 0,
      "dy": -1
    },
    {
      "t": 1423,
      "kind": "scroll",
      "x": 1320,
      "y": 560,
      "dx": 0,
      "dy": -1
    },
    {
      "t": 1439,
      "kind": "scroll",
      "x": 1320,
      "y": 560,
      "dx": 0,
      "dy": -1
    },
    {
      "t": 1447,
      "kind": "scroll",
      "x": 1320,
      "y": 560,
      "dx": 0,
      "dy": -1
    },
    {
      "t": 1463,
      "kind": "scroll",
      "x": 1320,
      "y": 560,
      "dx": 0,
      "dy": -1
    },
    {
      "t": 1751,
      "kind": "key_down",
      "key": "alt_l"
    },
    {
      "t": 1901,
      "kind": "key_down",
      "key": "tab"
    },
    {
      "t": 2061,
      "kind": "key_up",
      "key": "tab"
    },
    {
      "t": 3126,
      "kind": "key_up",
      "key": "alt_l"
    },
    {
      "t": 3435,
      "kind": "key_down",
      "key": "alt_l"
    },
    {
      "t": 3527,
      "kind": "key_down",
      "key": "tab"
    },
    {
      "t": 3625,
      "kind": "key_up",
      "key": "alt_l"
    },
    {
      "t": 3716,
      "kind": "key_up",
      "key": "tab"
    },
    {
      "t": 4383,
      "kind": "mouse_down",
      "button": "left",
      "x": 1554,
      "y": 1076
    },
    {
      "t": 4479,
      "kind": "mouse_up",
      "button": "left",
      "x": 1554,
      "y": 1076
    },
    {
      "t": 5559,
      "kind": "mouse_down",
      "button": "left",
      "x": 2285,
      "y": 1404
    },
    {
      "t": 5655,
      "kind": "mouse_drag",
      "x": 2284,
      "y": 1404
    },
    {
      "t": 5656,
      "kind": "mouse_up",
      "button": "left",
      "x": 2284,
      "y": 1404
    },
    {
      "t": 5888,
      "kind": "mouse_down",
      "button": "right",
      "x": 2284,
      "y": 1405
    },
    {
      "t": 5987,
      "kind": "mouse_up",
      "button": "right",
      "x": 2284,
      "y": 1405
    },
    {
      "t": 6712,
      "kind": "mouse_down",
      "button": "left",
      "x": 2243,
      "y": 1372
    },
    {
      "t": 6791,
      "kind": "mouse_up",
      "button": "left",
      "x": 2243,
      "y": 1372
    }
  ]
}