{
  "meta": {
    "fps": 10,
    "resolution": [
      1280,
      800
    ],
    "start_time": 1745764213.493147
  },
  "events": [
    {
      "t": 0,
      "kind": "mouse_down",
      "button": "left",
      "x": 1018,
      "y": 598
    },
    {
      "t": 103,
      "kind": "mouse_up",
      "button": "left",
      "x": 1018,
      "y": 598
    },
    {
      "t": 1144,
      "kind": "mouse_down",
      "button": "left",
      "x": 0,
      "y": 1439
    },
    {
      "t": 1183,
      "kind": "mouse_drag",
      "x": 0,
      "y": 1439
    },
    {
      "t": 1207,
      "kind": "mouse_drag",
      "x": 2,
      "y": 1439
    },
    {
      "t": 1218,
      "kind": "mouse_up",
      "button": "left",
      "x": 2,
      "y": 1439
    },
    {
      "t": 2074,
      "kind": "mouse_down",
      "button": "left",
      "x": 1383,
      "y": 1153
    },
    {
      "t": 2152,
      "kind": "mouse_up",
      "button": "left",
      "x": 1383,
      "y": 1153
    },
    {
      "t": 3671,
      "kind": "mouse_down",
      "button": "left",
      "x": 2294,
      "y": 1414
    },
    {
      "t": 3779,
      "kind": "mouse_up",
      "button": "left",
      "x": 2294,
      "y": 1414
    },
    {
      "t": 4543,
      "kind": "mouse_down",
      "button": "right",
      "x": 2362,
      "y": 1369
    },
    {
      "t": 4647,
      "kind": "mouse_up",
      "button": "right",
      "x": 2362,
      "y": 1369
    },
    {
      "t": 5559,
      "kind": "mouse_down",
      "button": "left",
      "x": 2293,
      "y": 1336
    },
    {
      "t": 5647,
      "kind": "mouse_up",
      "button": "left",
      "x": 2293,
      "y": 1336
    }
  ]
}