{
  "meta": {
    "fps": 10,
    "resolution": [
      1280,
      800
    ],
    "start_time": 1745773658.5384626
  },
  "events": [
    {
      "t": 0,
      "kind": "mouse_down",
      "button": "left",
      "x": 173,
      "y": 1426
    },
    {
      "t": 47,
      "kind": "mouse_up",
      "button": "left",
      "x": 173,
      "y": 1426
    },
    {
      "t": 1184,
      "kind": "mouse_down",
      "button": "left",
      "x": 173,
      "y": 1426
    },
    {
      "t": 1319,
      "kind": "mouse_up",
      "button": "left",
      "x": 173,
      "y": 1426
    },
    {
      "t": 2337,
      "kind": "mouse_down",
      "button": "left",
      "x": 1470,
      "y": 1063
    },
    {
      "t": 2367,
      "kind": "mouse_drag",
      "x": 1470,
      "y": 1064
    },
    {
      "t": 2432,
      "kind": "mouse_up",
      "button": "left",
      "x": 1470,
      "y": 1064
    },
    {
      "t": 4247,
      "kind": "mouse_down",
      "button": "left",
      "x": 2287,
      "y": 1416
    },
    {
      "t": 4335,
      "kind": "mouse_up",
      "button": "left",
      "x": 2287,
      "y": 1416
    },
    {
      "t": 4983,
      "kind": "mouse_down",
      "button": "right",
      "x": 2365,
      "y": 1368
    },
    {
      "t": 5079,
      "kind": "mouse_up",
      "button": "right",
      "x": 2365,
      "y": 1368
    },
    {
      "t": 6247,
      "kind": "mouse_down",
      "button": "left",
      "x": 2296,
      "y": 1338
    },
    {
      "t": 6383,
      "kind": "mouse_up",
      "button": "left",
      "x": 2296,
      "y": 1338
    }
  ]
}