{
  "meta": {
    "fps": 10,
    "resolution": [
      1280,
      800
    ],
    "start_time": 1745771464.0316644
  },
  "events": [
    {
      "t": 0,
      "kind": "mouse_down",
      "button": "left",
      "x": 1572,
      "y": 972
    },
    {
      "t": 7,
      "kind": "mouse_drag",
      "x": 1572,
      "y": 972
    },
    {
      "t": 36,
      "kind": "mouse_drag",
      "x": 1573,
      "y": 972
    },
    {
      "t": 47,
      "kind": "mouse_drag",
      "x": 1575,
      "y": 972
    },
    {
      "t": 55,
      "kind": "mouse_drag",
      "x": 1575,
      "y": 972
    },
    {
      "t": 128,
      "kind": "mouse_up",
      "button": "left",
      "x": 1575,
      "y": 972
    },
    {
      "t": 1384,
      "kind": "mouse_down",
      "button": "left",
      "x": 0,
      "y": 1432
    },
    {
      "t": 1469,
      "kind": "mouse_up",
      "button": "left",
      "x": 0,
      "y": 1432
    },
    {
      "t": 2736,
      "kind": "mouse_down",
      "button": "left",
      "x": 1470,
      "y": 1137
    },
    {
      "t": 2832,
      "kind": "mouse_up",
      "button": "left",
      "x": 1470,
      "y": 1137
    },
    {
      "t": 4224,
      "kind": "mouse_down",
      "button": "left",
      "x": 2297,
      "y": 1420
    },
    {
      "t": 4304,
      "kind": "mouse_up",
      "button": "left",
      "x": 2297,
      "y": 1420
    },
    {
      "t": 5024,
      "kind": "mouse_down",
      "button": "right",
      "x": 2357,
      "y": 1369
    },
    {
      "t": 5080,
      "kind": "mouse_up",
      "button": "right",
      "x": 2357,
      "y": 1369
    },
    {
      "t": 5920,
      "kind": "mouse_down",
      "button": "left",
      "x": 2289,
      "y": 1340
    },
    {
      "t": 6007,
      "kind": "mouse_up",
      "button": "left",
      "x": 2289,
      "y": 1340
    }
  ]
}