{
  "meta": {
    "fps": 10,
    "resolution": [
      1280,
      800
    ],
    "start_time": 1745767390.799107
  },
  "events": [
    {
      "t": 0,
      "kind": "mouse_down",
      "button": "left",
      "x": 1347,
      "y": 473
    },
    {
      "t": 64,
      "kind": "mouse_up",
      "button": "left",
      "x": 1347,
      "y": 473
    },
    {
      "t": 528,
      "kind": "mouse_down",
      "button": "left",
      "x": 0,
      "y": 1439
    },
    {
      "t": 544,
      "kind": "mouse_drag",
      "x": 1,
      "y": 1439
    },
    {
      "t": 551,
      "kind": "mouse_drag",
      "x": 3,
      "y": 1439
    },
    {
      "t": 559,
      "kind": "mouse_drag",
      "x": 6,
      "y": 1439
    },
    {
      "t": 567,
      "kind": "mouse_drag",
      "x": 9,
      "y": 1439
    },
    {
      "t": 584,
      "kind": "mouse_up",
      "button": "left",
      "x": 9,
      "y": 1439
    },
    {
      "t": 584,
      "kind": "drag_end",
      "button": "left",
      "start_x": 0,
      "start_y": 1439,
      "end_x": 9,
      "end_y": 1439,
      "duration_ns": 56011000
    },
    {
      "t": 1671,
      "kind": "mouse_down",
      "button": "left",
      "x": 7,
      "y": 1439
    },
    {
      "t": 1743,
      "kind": "mouse_up",
      "button": "left",
      "x": 7,
      "y": 1439
    },
    {
      "t": 3200,
      "kind": "mouse_down",
      "button": "left",
      "x": 2285,
      "y": 1430
    },
    {
      "t": 3264,
      "kind": "mouse_up",
      "button": "left",
      "x": 2285,
      "y": 1430
    },
    {
      "t": 4140,
      "kind": "mouse_down",
      "button": "right",
      "x": 2360,
      "y": 1364
    },
    {
      "t": 4231,
      "kind": "mouse_up",
      "button": "right",
      "x": 2360,
      "y": 1364
    },
    {
      "t": 5095,
      "kind": "mouse_down",
      "button": "left",
      "x": 2296,
      "y": 1329
    },
    {
      "t": 5176,
      "kind": "mouse_up",
      "button": "left",
      "x": 2296,
      "y": 1329
    }
  ]
}